{
    "BANK_STATEMENT": {
        "precision": 1.0,
        "recall": 0.6,
        "f1-score": 0.75,
        "support": 5.0
    },
    "ID": {
        "precision": 1.0,
        "recall": 0.625,
        "f1-score": 0.7692307692307693,
        "support": 8.0
    },
    "PAY_STUB": {
        "precision": 1.0,
        "recall": 0.75,
        "f1-score": 0.8571428571428571,
        "support": 4.0
    },
    "TAX_RETURN": {
        "precision": 0.75,
        "recall": 0.6,
        "f1-score": 0.6666666666666666,
        "support": 5.0
    },
    "W2": {
        "precision": 0.4666666666666667,
        "recall": 0.875,
        "f1-score": 0.6086956521739131,
        "support": 8.0
    },
    "accuracy": 0.7,
    "macro avg": {
        "precision": 0.8433333333333334,
        "recall": 0.6900000000000001,
        "f1-score": 0.7303471890428412,
        "support": 30.0
    },
    "weighted avg": {
        "precision": 0.8161111111111111,
        "recall": 0.7,
        "f1-score": 0.7178438711047407,
        "support": 30.0
    }
}