{
    "BANK_STATEMENT": {
        "precision": 1.0,
        "recall": 0.6,
        "f1-score": 0.75,
        "support": 5.0
    },
    "ID": {
        "precision": 0.8888888888888888,
        "recall": 1.0,
        "f1-score": 0.9411764705882353,
        "support": 8.0
    },
    "PAY_STUB": {
        "precision": 0.8,
        "recall": 1.0,
        "f1-score": 0.8888888888888888,
        "support": 4.0
    },
    "TAX_RETURN": {
        "precision": 1.0,
        "recall": 1.0,
        "f1-score": 1.0,
        "support": 5.0
    },
    "W2": {
        "precision": 1.0,
        "recall": 1.0,
        "f1-score": 1.0,
        "support": 8.0
    },
    "accuracy": 0.9333333333333333,
    "macro avg": {
        "precision": 0.9377777777777778,
        "recall": 0.9199999999999999,
        "f1-score": 0.9160130718954248,
        "support": 30.0
    },
    "weighted avg": {
        "precision": 0.9437037037037037,
        "recall": 0.9333333333333333,
        "f1-score": 0.9278322440087146,
        "support": 30.0
    }
}